id,started_at,block
1,2026-09-24T14:39:50.774Z,71448011
2,2026-09-24T15:29:50.780Z,71477856
3,2026-09-24T16:19:50.780Z,71507671
4,2026-09-24T16:24:33.385Z,71510497
5,2026-09-24T16:58:14.101Z,71530598
6,2026-09-24T17:00:01.179Z,71531659
7,2026-09-24T17:50:01.186Z,71561470
8,2026-09-24T18:40:01.189Z,71591336
10,2026-09-24T18:43:00.021Z,71593113
11,2026-09-24T19:33:00.028Z,71623050
12,2026-09-24T20:13:00.029Z,71646979
13,2026-09-24T20:53:00.033Z,71670851
14,2026-09-24T21:43:00.035Z,71700700
15,2026-09-24T22:23:00.037Z,71724572
16,2026-09-24T23:03:00.038Z,71748458
17,2026-09-24T23:43:00.041Z,71772210
18,2026-09-25T00:23:00.042Z,71796038
19,2026-09-25T01:03:00.042Z,71819901
20,2026-09-25T01:43:00.043Z,71843701
21,2026-09-25T02:23:00.046Z,71867474
22,2026-09-25T03:03:00.046Z,71891233
23,2026-09-25T03:43:00.046Z,71914930
24,2026-09-25T04:23:00.048Z,71938622
25,2026-09-25T05:03:00.048Z,71962363
26,2026-09-25T05:43:00.052Z,71986044
27,2026-09-25T06:23:00.053Z,72009805
28,2026-09-25T07:03:00.055Z,72033484
29,2026-09-25T07:43:00.055Z,72057181
30,2026-09-25T08:13:00.059Z,72074977
31,2026-09-25T08:53:00.060Z,72098793
32,2026-09-25T09:33:00.060Z,72122523
33,2026-09-25T10:13:00.061Z,72146330
34,2026-09-25T10:43:00.062Z,72164119
35,2026-09-25T11:13:00.062Z,72181849
36,2026-09-25T11:33:00.063Z,72193749
37,2026-09-25T11:53:00.064Z,72205659
38,2026-09-25T12:13:00.064Z,72217527
39,2026-09-25T12:33:00.065Z,72229465
40,2026-09-25T12:43:00.066Z,72235415
41,2026-09-25T13:03:00.066Z,72247317
42,2026-09-25T13:23:00.066Z,72259241
43,2026-09-25T13:43:00.066Z,72271161
44,2026-09-25T14:03:00.067Z,72283135
45,2026-09-25T14:23:00.068Z,72295111
46,2026-09-25T14:43:00.068Z,72307065
47,2026-09-25T15:03:00.069Z,72318999
48,2026-09-25T15:23:00.070Z,72330939
49,2026-09-25T15:43:00.070Z,72342868
50,2026-09-25T15:53:00.070Z,72348838
51,2026-09-25T16:13:00.073Z,72360791
52,2026-09-25T16:33:00.074Z,72372763
53,2026-09-25T16:53:00.076Z,72384711
54,2026-09-25T17:13:00.077Z,72396653
55,2026-09-25T17:33:00.077Z,72408586
56,2026-09-25T17:53:00.077Z,72420541
57,2026-09-25T18:13:00.077Z,72432486
58,2026-09-25T18:33:00.078Z,72444436
59,2026-09-25T18:53:00.078Z,72456385
60,2026-09-25T19:13:00.081Z,72468318
61,2026-09-25T19:33:00.082Z,72480244
62,2026-09-25T19:53:00.082Z,72492168
63,2026-09-25T20:13:00.082Z,72504104
64,2026-09-25T20:33:00.082Z,72516066
65,2026-09-25T20:53:00.083Z,72528013
66,2026-09-25T21:13:00.084Z,72539956
67,2026-09-25T21:33:00.086Z,72551886
68,2026-09-25T21:43:00.087Z,72557845
69,2026-09-25T22:03:00.089Z,72569781
70,2026-09-25T22:23:00.089Z,72581693
71,2026-09-25T22:33:00.090Z,72587627
72,2026-09-25T22:43:00.089Z,72593601
73,2026-09-25T22:53:00.089Z,72599526
74,2026-09-25T23:13:00.090Z,72611379
75,2026-09-25T23:33:00.089Z,72623255
76,2026-09-25T23:43:00.090Z,72629185
77,2026-09-25T23:53:00.090Z,72635140
78,2026-09-26T00:13:00.091Z,72647041
79,2026-09-26T00:33:00.092Z,72658944
80,2026-09-26T00:53:00.093Z,72670832
81,2026-09-26T01:03:00.093Z,72676783
82,2026-09-26T01:13:00.094Z,72682704
83,2026-09-26T01:23:00.094Z,72688649
84,2026-09-26T01:43:00.095Z,72700470
85,2026-09-26T01:53:00.095Z,72706374
86,2026-09-26T02:03:00.095Z,72712284
87,2026-09-26T02:13:00.096Z,72718215
88,2026-09-26T02:23:00.098Z,72724148
89,2026-09-26T02:33:00.098Z,72730073
90,2026-09-26T02:43:00.099Z,72735998
91,2026-09-26T02:53:00.100Z,72741911
92,2026-09-26T03:03:00.100Z,72747821
93,2026-09-26T03:13:00.101Z,72753765
94,2026-09-26T03:23:00.100Z,72759711
95,2026-09-26T03:33:00.100Z,72765636
96,2026-09-26T03:43:00.100Z,72771569
97,2026-09-26T04:03:00.101Z,72783415
98,2026-09-26T04:13:00.101Z,72789305
99,2026-09-26T04:23:00.103Z,72795224
100,2026-09-26T04:43:00.105Z,72807048
101,2026-09-26T04:53:00.105Z,72812944
102,2026-09-26T05:03:00.104Z,72818876
103,2026-09-26T05:23:00.106Z,72830667
104,2026-09-26T05:33:00.107Z,72836572
105,2026-09-26T05:43:00.106Z,72842469
106,2026-09-26T06:03:00.108Z,72854289
107,2026-09-26T06:13:00.110Z,72860202
108,2026-09-26T06:23:00.110Z,72866120
109,2026-09-26T06:33:00.111Z,72872035
110,2026-09-26T06:43:00.112Z,72877951
111,2026-09-26T06:53:00.112Z,72883840
112,2026-09-26T07:03:00.112Z,72889751
113,2026-09-26T07:13:00.112Z,72895680
114,2026-09-26T07:23:00.112Z,72901590
115,2026-09-26T07:33:00.112Z,72907488
116,2026-09-26T07:43:00.112Z,72913381
117,2026-09-26T07:53:00.113Z,72919310
118,2026-09-26T08:03:00.113Z,72925236
119,2026-09-26T08:13:00.114Z,72931139
120,2026-09-26T08:23:00.115Z,72937035
121,2026-09-26T08:33:00.116Z,72942951
122,2026-09-26T08:43:00.116Z,72948875
123,2026-09-26T08:53:00.116Z,72954801
124,2026-09-26T09:13:00.117Z,72966675
125,2026-09-26T09:23:00.117Z,72972629
126,2026-09-26T09:33:00.117Z,72978575
127,2026-09-26T09:43:00.117Z,72984504
128,2026-09-26T09:53:00.117Z,72990439
129,2026-09-26T10:13:00.118Z,73002307
130,2026-09-26T10:33:00.119Z,73014171
131,2026-09-26T10:43:00.119Z,73020105
132,2026-09-26T10:53:00.120Z,73026060
133,2026-09-26T11:03:00.119Z,73032004
134,2026-09-26T11:13:00.120Z,73037959
135,2026-09-26T11:33:00.121Z,73049829
136,2026-09-26T11:53:00.123Z,73061715
137,2026-09-26T12:13:00.123Z,73073608
138,2026-09-26T12:33:00.124Z,73085500
139,2026-09-26T12:53:00.125Z,73097434
140,2026-09-26T13:13:00.128Z,73109358
141,2026-09-26T13:33:00.128Z,73121300
142,2026-09-26T13:53:00.128Z,73133234
143,2026-09-26T14:03:00.130Z,73139208
144,2026-09-26T14:13:00.131Z,73145156
145,2026-09-26T14:33:00.131Z,73157098
146,2026-09-26T14:53:00.132Z,73169039
147,2026-09-26T15:13:00.132Z,73181013
148,2026-09-26T15:33:00.133Z,73192986
149,2026-09-26T15:53:00.135Z,73204977
150,2026-09-26T16:13:00.135Z,73216932
151,2026-09-26T16:33:00.136Z,73228886
152,2026-09-26T16:53:00.138Z,73240834
153,2026-09-26T17:13:00.138Z,73252745
154,2026-09-26T17:33:00.138Z,73264673
155,2026-09-26T17:53:00.139Z,73276626
156,2026-09-26T18:13:00.138Z,73288537
157,2026-09-26T18:33:00.139Z,73300456
158,2026-09-26T18:53:00.140Z,73312382
159,2026-09-26T19:13:00.141Z,73324301
160,2026-09-26T19:33:00.141Z,73336208
161,2026-09-26T19:53:00.142Z,73348141
162,2026-09-26T20:13:00.144Z,73360053
163,2026-09-26T20:43:00.146Z,73377925
164,2026-09-26T21:03:00.148Z,73389835
165,2026-09-26T21:23:00.149Z,73401741
166,2026-09-26T21:43:00.149Z,73413642
167,2026-09-26T22:03:00.150Z,73425552
168,2026-09-26T22:23:00.150Z,73437475
169,2026-09-26T22:43:00.151Z,73449322
170,2026-09-26T22:53:00.151Z,73455256
171,2026-09-26T23:03:00.150Z,73461222
172,2026-09-26T23:13:00.150Z,73467166
173,2026-09-26T23:23:00.152Z,73473089
174,2026-09-26T23:33:00.151Z,73479003
175,2026-09-26T23:43:00.151Z,73484924
176,2026-09-26T23:53:00.153Z,73490853
177,2026-09-27T00:03:00.153Z,73496768
178,2026-09-27T00:13:00.154Z,73502721
179,2026-09-27T00:23:00.155Z,73508669
180,2026-09-27T00:43:00.155Z,73520563
181,2026-09-27T01:03:00.156Z,73532399
182,2026-09-27T01:13:00.157Z,73538295
183,2026-09-27T01:23:00.158Z,73544209
184,2026-09-27T01:33:00.158Z,73550111
185,2026-09-27T01:43:00.158Z,73556040
186,2026-09-27T02:03:00.158Z,73567896
187,2026-09-27T02:23:00.158Z,73579733
188,2026-09-27T02:33:00.158Z,73585643
189,2026-09-27T02:43:00.159Z,73591554
190,2026-09-27T02:53:00.159Z,73597458
191,2026-09-27T03:03:00.160Z,73603377
192,2026-09-27T03:23:00.160Z,73615196
193,2026-09-27T03:43:00.161Z,73627019
194,2026-09-27T04:03:00.161Z,73638844
195,2026-09-27T04:23:00.161Z,73650695
196,2026-09-27T04:33:00.162Z,73656636
197,2026-09-27T04:43:00.161Z,73662595
198,2026-09-27T05:03:00.162Z,73674499
199,2026-09-27T05:13:00.163Z,73680439
200,2026-09-27T05:23:00.164Z,73686381
201,2026-09-27T05:43:00.165Z,73698178
202,2026-09-27T06:03:00.167Z,73709945
203,2026-09-27T06:13:00.167Z,73715881
204,2026-09-27T06:23:00.167Z,73721814
205,2026-09-27T06:33:00.167Z,73727753
206,2026-09-27T06:43:00.167Z,73733663
207,2026-09-27T07:03:00.168Z,73745360
208,2026-09-27T07:23:00.169Z,73757126
209,2026-09-27T07:43:00.171Z,73768889
210,2026-09-27T08:03:00.171Z,73780753
211,2026-09-27T08:23:00.173Z,73792611
212,2026-09-27T08:43:00.173Z,73804467
213,2026-09-27T09:03:00.174Z,73816260
214,2026-09-27T09:23:00.175Z,73828118
215,2026-09-27T09:43:00.176Z,73839995
216,2026-09-27T10:03:00.176Z,73851898
217,2026-09-27T10:23:00.176Z,73863754
218,2026-09-27T10:43:00.176Z,73875603
219,2026-09-27T11:03:00.175Z,73887515
220,2026-09-27T11:23:00.177Z,73899457
221,2026-09-27T11:33:00.178Z,73905428
222,2026-09-27T11:53:00.179Z,73917366
223,2026-09-27T12:13:00.178Z,73929294
224,2026-09-27T12:23:00.178Z,73935256
225,2026-09-27T12:33:00.179Z,73941203
226,2026-09-27T12:53:00.180Z,73953126
227,2026-09-27T13:13:00.181Z,73965059
228,2026-09-27T13:33:00.183Z,73976993
229,2026-09-27T13:43:00.183Z,73982948
230,2026-09-27T13:53:00.184Z,73988890
231,2026-09-27T14:13:00.185Z,74000819
232,2026-09-27T14:33:00.184Z,74012715
233,2026-09-27T14:43:00.185Z,74018702
234,2026-09-27T15:03:00.186Z,74030621
235,2026-09-27T15:23:00.186Z,74042560
236,2026-09-27T15:43:00.186Z,74054506
237,2026-09-27T16:03:00.187Z,74066436
238,2026-09-27T16:23:00.188Z,74078377
239,2026-09-27T16:43:00.188Z,74090326
240,2026-09-27T17:03:00.188Z,74102256
241,2026-09-27T17:23:00.189Z,74114174
242,2026-09-27T17:43:00.190Z,74126086
243,2026-09-27T18:03:00.191Z,74138002
244,2026-09-27T18:23:00.192Z,74149940
245,2026-09-27T18:33:00.191Z,74155899
